номер;карточка в галерее админки;файл (положить в папку pins);название пина;описание;замещающий текст;ссылка;доска;статус;сохранить также в доски
1;Овощерезка;01-ovoshcherezka.png;Инфографика карточки товара овощерезка;Дизайн карточки товара для маркетплейса: овощерезка. Собрана по одному фото товара за пару минут: оформление, инфографика, тексты. Что обычно показывают на карточках такого товара: насадки, удобство, уход. Главную карточку своего товара можно собрать бесплатно. #карточкатовара #wildberries #ozon #инфографика;Карточка товара для маркетплейса: овощерезка;https://absolutecard.ru/?utm_source=pinterest&utm_medium=pin&utm_campaign=cards&utm_content=ovoshcherezka;Карточки товара для маркетплейсов;опубликован 6.10;Инфографика | Карточки товара для Wildberries | Карточки для товаров для кухни и дома
2;Сковорода;02-skovoroda.png;Дизайн карточки товара сковорода;Дизайн карточки товара для маркетплейса: сковорода. Собрана по одному фото товара за пару минут: оформление, инфографика, тексты. Что обычно показывают на карточках такого товара: покрытие, материал, для каких плит. Главную карточку своего товара можно собрать бесплатно. #карточкатовара #wildberries #ozon #инфографика;Карточка товара для маркетплейса: сковорода;https://absolutecard.ru/?utm_source=pinterest&utm_medium=pin&utm_campaign=cards&utm_content=skovoroda;Карточки товара для маркетплейсов;ждёт;Дизайн | Карточки товара для Ozon | Карточки для товаров для кухни и дома
3;Эргономичное кресло;03-kreslo.png;Карточка товара офисное кресло: дизайн и инфографика;Дизайн карточки товара для маркетплейса: офисное кресло. Собрана по одному фото товара за пару минут: оформление, инфографика, тексты. Что обычно показывают на карточках такого товара: эргономика, регулировки, комфорт. Главную карточку своего товара можно собрать бесплатно. #карточкатовара #wildberries #ozon #инфографика;Карточка товара для маркетплейса: офисное кресло;https://absolutecard.ru/?utm_source=pinterest&utm_medium=pin&utm_campaign=cards&utm_content=kreslo;Карточки товара для маркетплейсов;ждёт;Инфографика для маркетплейсов | Карточки товара для Wildberries | Карточки для товаров для кухни и дома
4;Шуруповёрт;04-shurupovert.png;Инфографика карточки товара шуруповёрт;Дизайн карточки товара для маркетплейса: шуруповёрт. Собрана по одному фото товара за пару минут: оформление, инфографика, тексты. Что обычно показывают на карточках такого товара: аккумулятор, комплект, режимы. Главную карточку своего товара можно собрать бесплатно. #карточкатовара #wildberries #ozon #инфографика;Карточка товара для маркетплейса: шуруповёрт;https://absolutecard.ru/?utm_source=pinterest&utm_medium=pin&utm_campaign=cards&utm_content=shurupovert;Карточки товара для маркетплейсов;ждёт;Инфографика | Карточки товара для Ozon | Карточки для инструментов и авто
5;Углошлифовальная машина;05-bolgarka.png;Дизайн карточки товара болгарка;Дизайн карточки товара для маркетплейса: болгарка. Собрана по одному фото товара за пару минут: оформление, инфографика, тексты. Что обычно показывают на карточках такого товара: диск, мощность, где применять. Главную карточку своего товара можно собрать бесплатно. #карточкатовара #wildberries #ozon #инфографика;Карточка товара для маркетплейса: болгарка;https://absolutecard.ru/?utm_source=pinterest&utm_medium=pin&utm_campaign=cards&utm_content=bolgarka;Карточки товара для маркетплейсов;ждёт;Дизайн | Карточки товара для Wildberries | Карточки для инструментов и авто
6;Умные смарт-часы;06-smartchasy.png;Карточка товара смарт-часы: дизайн и инфографика;Дизайн карточки товара для маркетплейса: смарт-часы. Собрана по одному фото товара за пару минут: оформление, инфографика, тексты. Что обычно показывают на карточках такого товара: функции, экран, совместимость. Главную карточку своего товара можно собрать бесплатно. #карточкатовара #wildberries #ozon #инфографика;Карточка товара для маркетплейса: смарт-часы;https://absolutecard.ru/?utm_source=pinterest&utm_medium=pin&utm_campaign=cards&utm_content=smartchasy;Карточки товара для маркетплейсов;ждёт;Инфографика для маркетплейсов | Карточки товара для Ozon | Карточки для электроники и гаджетов
7;Шланг;07-shlang.png;Инфографика карточки товара садовый шланг;Дизайн карточки товара для маркетплейса: садовый шланг. Собрана по одному фото товара за пару минут: оформление, инфографика, тексты. Что обычно показывают на карточках такого товара: длина, прочность, фитинги. Главную карточку своего товара можно собрать бесплатно. #карточкатовара #wildberries #ozon #инфографика;Карточка товара для маркетплейса: садовый шланг;https://absolutecard.ru/?utm_source=pinterest&utm_medium=pin&utm_campaign=cards&utm_content=shlang;Карточки товара для маркетплейсов;ждёт;Инфографика | Карточки товара для Wildberries | Карточки для товаров для кухни и дома
8;Бритва;08-britva.png;Дизайн карточки товара электробритва;Дизайн карточки товара для маркетплейса: электробритва. Собрана по одному фото товара за пару минут: оформление, инфографика, тексты. Что обычно показывают на карточках такого товара: насадки, влагозащита, аккумулятор. Главную карточку своего товара можно собрать бесплатно. #карточкатовара #wildberries #ozon #инфографика;Карточка товара для маркетплейса: электробритва;https://absolutecard.ru/?utm_source=pinterest&utm_medium=pin&utm_campaign=cards&utm_content=britva;Карточки товара для маркетплейсов;ждёт;Дизайн | Карточки товара для Ozon | Карточки для электроники и гаджетов
9;Аккумулятор автомобильный;09-akkumulyator.png;Карточка товара автомобильный аккумулятор: дизайн и инфографика;Дизайн карточки товара для маркетплейса: автомобильный аккумулятор. Собрана по одному фото товара за пару минут: оформление, инфографика, тексты. Что обычно показывают на карточках такого товара: ёмкость, пусковой ток, применение. Главную карточку своего товара можно собрать бесплатно. #карточкатовара #wildberries #ozon #инфографика;Карточка товара для маркетплейса: автомобильный аккумулятор;https://absolutecard.ru/?utm_source=pinterest&utm_medium=pin&utm_campaign=cards&utm_content=akkumulyator;Карточки товара для маркетплейсов;ждёт;Инфографика для маркетплейсов | Карточки товара для Wildberries | Карточки для инструментов и авто
10;Микрофон;10-mikrofon.png;Инфографика карточки товара микрофон;Дизайн карточки товара для маркетплейса: микрофон. Собрана по одному фото товара за пару минут: оформление, инфографика, тексты. Что обычно показывают на карточках такого товара: подключение, подсветка, для стрима и записи. Главную карточку своего товара можно собрать бесплатно. #карточкатовара #wildberries #ozon #инфографика;Карточка товара для маркетплейса: микрофон;https://absolutecard.ru/?utm_source=pinterest&utm_medium=pin&utm_campaign=cards&utm_content=mikrofon;Карточки товара для маркетплейсов;ждёт;Инфографика | Карточки товара для Ozon | Карточки для электроники и гаджетов
11;Кофеварка;11-kofevarka.png;Дизайн карточки товара кофеварка;Дизайн карточки товара для маркетплейса: кофеварка. Собрана по одному фото товара за пару минут: оформление, инфографика, тексты. Что обычно показывают на карточках такого товара: объём, управление, уход. Главную карточку своего товара можно собрать бесплатно. #карточкатовара #wildberries #ozon #инфографика;Карточка товара для маркетплейса: кофеварка;https://absolutecard.ru/?utm_source=pinterest&utm_medium=pin&utm_campaign=cards&utm_content=kofevarka;Карточки товара для маркетплейсов;ждёт;Дизайн | Карточки товара для Wildberries | Карточки для товаров для кухни и дома
12;Наушники беспроводные;12-naushniki.png;Карточка товара беспроводные наушники: дизайн и инфографика;Дизайн карточки товара для маркетплейса: беспроводные наушники. Собрана по одному фото товара за пару минут: оформление, инфографика, тексты. Что обычно показывают на карточках такого товара: звук, автономность, подключение. Главную карточку своего товара можно собрать бесплатно. #карточкатовара #wildberries #ozon #инфографика;Карточка товара для маркетплейса: беспроводные наушники;https://absolutecard.ru/?utm_source=pinterest&utm_medium=pin&utm_campaign=cards&utm_content=naushniki;Карточки товара для маркетплейсов;ждёт;Инфографика для маркетплейсов | Карточки товара для Ozon | Карточки для электроники и гаджетов
13;Термос;13-termos.png;Инфографика карточки товара термос;Дизайн карточки товара для маркетплейса: термос. Собрана по одному фото товара за пару минут: оформление, инфографика, тексты. Что обычно показывают на карточках такого товара: сохранение температуры, материал, объём. Главную карточку своего товара можно собрать бесплатно. #карточкатовара #wildberries #ozon #инфографика;Карточка товара для маркетплейса: термос;https://absolutecard.ru/?utm_source=pinterest&utm_medium=pin&utm_campaign=cards&utm_content=termos;Карточки товара для маркетплейсов;ждёт;Инфографика | Карточки товара для Wildberries | Карточки для товаров для кухни и дома
14;Принтер Pantum (серия с сайта);14-printer.png;Дизайн карточки товара лазерный принтер;Дизайн карточки товара для маркетплейса: лазерный принтер. Собрана по одному фото товара за пару минут: оформление, инфографика, тексты. Что обычно показывают на карточках такого товара: скорость печати, Wi-Fi, расходные материалы. Главную карточку своего товара можно собрать бесплатно. #карточкатовара #wildberries #ozon #инфографика;Карточка товара для маркетплейса: лазерный принтер;https://absolutecard.ru/?utm_source=pinterest&utm_medium=pin&utm_campaign=cards&utm_content=printer;Карточки товара для маркетплейсов;ждёт;Дизайн | Карточки товара для Ozon | Карточки для электроники и гаджетов
15;Аккумуляторная воздуходувка;15-vozduhoduvka.png;Карточка товара воздуходувка: дизайн и инфографика;Дизайн карточки товара для маркетплейса: воздуходувка. Собрана по одному фото товара за пару минут: оформление, инфографика, тексты. Что обычно показывают на карточках такого товара: мощность, работа без розетки, применение. Главную карточку своего товара можно собрать бесплатно. #карточкатовара #wildberries #ozon #инфографика;Карточка товара для маркетплейса: воздуходувка;https://absolutecard.ru/?utm_source=pinterest&utm_medium=pin&utm_campaign=cards&utm_content=vozduhoduvka;Карточки товара для маркетплейсов;ждёт;Инфографика для маркетплейсов | Карточки товара для Wildberries | Карточки для инструментов и авто
16;Зарядное устройство Xiaomi 90W;16-zaryadka.png;Инфографика карточки товара зарядное устройство;Дизайн карточки товара для маркетплейса: зарядное устройство. Собрана по одному фото товара за пару минут: оформление, инфографика, тексты. Что обычно показывают на карточках такого товара: мощность, порт, для чего подходит. Главную карточку своего товара можно собрать бесплатно. #карточкатовара #wildberries #ozon #инфографика;Карточка товара для маркетплейса: зарядное устройство;https://absolutecard.ru/?utm_source=pinterest&utm_medium=pin&utm_campaign=cards&utm_content=zaryadka;Карточки товара для маркетплейсов;ждёт;Инфографика | Карточки товара для Ozon | Карточки для электроники и гаджетов
17;New Balance 530;17-krossovki.png;Дизайн карточки товара кроссовки;Дизайн карточки товара для маркетплейса: кроссовки. Собрана по одному фото товара за пару минут: оформление, инфографика, тексты. Что обычно показывают на карточках такого товара: комфорт, материалы, поддержка. Главную карточку своего товара можно собрать бесплатно. #карточкатовара #wildberries #ozon #инфографика;Карточка товара для маркетплейса: кроссовки;https://absolutecard.ru/?utm_source=pinterest&utm_medium=pin&utm_campaign=cards&utm_content=krossovki;Карточки товара для маркетплейсов;ждёт;Дизайн | Карточки товара для Wildberries
